source_partition,market_id,market_name,audit_status,provenance,product_count,n_paths,n_source_markets
Electronics,local_60681e14231cd9da3ad7,2_in_1_laptop,CLEAN,manual_audit,1183,1,1
Electronics,local_3ba74eccb06f56d4a236,3d_glasses,CLEAN,manual_audit,601,1,1
Electronics,local_77e762fc20680f7ea219,ac_adapter,CLEAN,manual_audit,15213,1,1
Electronics,local_00bd6909c8bd8f6ce4dd,access_control_keypad,CLEAN,manual_audit,125,1,1
Electronics,local_20bbbe4ca4aeb76225af,access_control_system,CLEAN,manual_audit,261,1,1
Electronics,local_1b3e115d64c46e2d5a8b,action_camera,CLEAN,manual_audit,1433,1,1
Electronics,local_5775704b56c0415473ce,adapter_ring,CLEAN,manual_audit,177,1,1
Electronics,local_0d042b04492f90755b09,all_in_one_desktop,CLEAN,manual_audit,1277,2,2
Electronics,local_b5bb528b47fd385f7d70,amplifier_installation_kit,CLEAN,manual_audit,22,1,1
Electronics,local_5bff6629089e571b0141,amplifier_wiring_kit,CLEAN,manual_audit,66,1,1
Electronics,local_e3debb092e769b6ab71a,antenna_mast,CLEAN,manual_audit,13,1,1
Electronics,local_7ad5dce283e6b221ccaa,audio_amplifier,CLEAN,manual_audit,2409,2,2
Electronics,local_0a513b312ccea526e989,audio_cable,CLEAN,manual_audit,4255,8,8
Electronics,local_07a733ee65106839aefe,audio_converter,CLEAN,manual_audit,14,1,1
Electronics,local_5790a49853fb97adcc6b,audio_crossover,CLEAN,manual_audit,120,1,1
Electronics,local_1f82ec39eda91b8e9281,audio_decoder,CLEAN,manual_audit,13,1,1
Electronics,local_a915f87f17d74dd2280c,audio_device_skin,CLEAN,manual_audit,99,1,1
Electronics,local_880f76f2f724daec8f26,audio_dock,CLEAN,manual_audit,404,1,1
Electronics,local_a92e8544809c18d277b5,audio_video_connector_adapter,CLEAN,manual_audit,9254,1,1
Electronics,local_215faff3d664fa152b0f,av_receiver,CLEAN,manual_audit,1222,3,3
Electronics,local_d00a1735bf8e49555ddd,av_switch,CLEAN,manual_audit,23,1,1
Electronics,local_11445f762cbcc4b1ea5b,aviation_headset,CLEAN,manual_audit,185,1,1
Electronics,local_6ccbf90583cc6e4c925e,aviation_radio,CLEAN,manual_audit,12,1,1
Electronics,local_1275b34e4f221f4a1d29,backdrop_support_system,CLEAN,manual_audit,77,1,1
Electronics,local_0c68ee29ea350a5d7233,backup_camera,CLEAN,manual_audit,3655,1,1
Electronics,local_f358be63339144c312fb,backup_radar_system,CLEAN,manual_audit,51,1,1
Electronics,local_85ba41577386f7b989ca,barlow_lens,CLEAN,manual_audit,58,1,1
Electronics,local_893a3e1df895208384e1,barn_door,CLEAN,manual_audit,65,1,1
Electronics,local_693dbc18e49021496745,bass_blocker,CLEAN,manual_audit,16,1,1
Electronics,local_95a783f1ab71877774c7,battery_and_charger,CLEAN,manual_audit,60,1,1
Electronics,local_e18251ac110422f49cd4,battery_holder,CLEAN,manual_audit,855,1,1
Electronics,local_060d340e84014646b369,battery_storage_container,CLEAN,manual_audit,489,1,1
Electronics,local_2501a51a9182ca5dad18,battery_terminal_connector,CLEAN,manual_audit,110,1,1
Electronics,local_1b569c2aac509975a337,battery_tester,CLEAN,manual_audit,384,2,2
Electronics,local_10eee953551f8dcd5902,binocular_case,CLEAN,manual_audit,23,2,2
Electronics,local_067b0b54e8f34e6a30f4,binocular_harness,CLEAN,manual_audit,44,1,1
Electronics,local_ae4aa48007263a22f2da,binocular_tripod_adapter,CLEAN,manual_audit,34,1,1
Electronics,local_fdd7f4bd93c9828d16ea,biometric_fingerprint_reader,CLEAN,manual_audit,161,1,1
Electronics,local_445c35d1101a93aafec7,blu_ray_disc,CLEAN,manual_audit,258,3,3
Electronics,local_87cc22928e51e5bf20d9,blu_ray_player,CLEAN,manual_audit,749,2,2
Electronics,local_1ea47370b2dfb6a67647,bluetooth_adapter,CLEAN,manual_audit,339,1,1
Electronics,local_5e21c92ed93f86b05aef,bluetooth_car_adapter,CLEAN,manual_audit,244,1,1
Electronics,local_7d1015bb226ba3e852a3,bluetooth_headset,CLEAN,manual_audit,118,3,3
Electronics,local_110474439d1c089e14d4,bluetooth_speaker,CLEAN,manual_audit,8025,3,3
Electronics,local_cfe818040e97fec85e19,bluetooth_tracker,CLEAN,manual_audit,1245,1,1
Electronics,local_e9faff3c8585f36ab71d,bluetooth_transmitter_receiver,CLEAN,manual_audit,252,1,1
Electronics,local_a553af2f178c4120372a,body_camera,CLEAN,manual_audit,80,1,1
Electronics,local_3fd95233d94a5b02d920,bookshelf_speaker,CLEAN,manual_audit,702,1,1
Electronics,local_6098af23ffa331ec61ec,boombox,CLEAN,manual_audit,1002,1,1
Electronics,local_774fa6422d5edee567f9,bullet_camera,CLEAN,manual_audit,727,1,1
Electronics,local_c95b66bfdf9dad3ad545,cable_lock,CLEAN,manual_audit,133,1,1
Electronics,local_16c82dcd6e1acd8b4edb,cable_organizer,CLEAN,manual_audit,3166,2,2
Electronics,local_a589a3daad56d09b121d,cable_raceway,CLEAN,manual_audit,712,1,1
Electronics,local_65f226acd2cc63728bc2,cable_sleeve,CLEAN,manual_audit,882,1,1
Electronics,local_6caf3e61ebaa79d45d66,cable_tie,CLEAN,manual_audit,2139,1,1
Electronics,local_0265b191f016832c4ad6,calculator,CLEAN,manual_audit,173,2,2
Electronics,local_ceeacc89891f75b54863,calculator_case,CLEAN,manual_audit,9,2,2
Electronics,local_5d0ad624629ac58ac60d,calculator_ink_roller,CLEAN,manual_audit,26,1,1
Electronics,local_6366d8e1cef422c13bc4,caller_id_display,CLEAN,manual_audit,25,1,1
Electronics,local_7e0657c65da434b592f6,camcorder_battery,CLEAN,manual_audit,439,2,2
Electronics,local_84e02cf3d380325ab8f8,camcorder_battery_charger,CLEAN,manual_audit,603,1,1
Electronics,local_ec0f08d4beb9c00bd1d9,camcorder_bundle,CLEAN,manual_audit,26,1,1
Electronics,local_77d338ef8e80f8347dde,camcorder_case,CLEAN,manual_audit,121,1,1
Electronics,local_c4a6667faa0cce363476,camcorder_lens,CLEAN,manual_audit,125,1,1
Electronics,local_eab9ca5ad372c44daa51,camera_bag,CLEAN,manual_audit,220,1,1
Electronics,local_69ab48585b9616503365,camera_battery,CLEAN,manual_audit,3747,3,3
Electronics,local_ff056052731e2e5a7032,camera_battery_grip,CLEAN,manual_audit,210,1,1
Electronics,local_12c18272a047186bb965,camera_cable,CLEAN,manual_audit,126,2,2
Electronics,local_06b776c14a9ecd206d02,camera_case,CLEAN,manual_audit,6509,5,5
Electronics,local_b5126bc4cebd24b4cb31,camera_chest_support,CLEAN,manual_audit,20,1,1
Electronics,local_916321c8f65e452da6fb,camera_cleaning_kit,CLEAN,manual_audit,291,2,2
Electronics,local_c8398d4b7430654da9a5,camera_detector,CLEAN,manual_audit,154,1,1
Electronics,local_7fdca4824decb19d07cd,camera_diopter,CLEAN,manual_audit,63,1,1
Electronics,local_229c9a18be3083a70128,camera_dolly,CLEAN,manual_audit,12,1,1
Electronics,local_0fb1b580ed92410688f0,camera_flash,CLEAN,manual_audit,1491,3,3
Electronics,local_209bf7953df2de755df8,camera_flash_bracket,CLEAN,manual_audit,264,1,1
Electronics,local_182ee3914a7e1332ca95,camera_flash_trigger,CLEAN,manual_audit,301,1,1
Electronics,local_fb79f42ef4df412e4e26,camera_jib_crane,CLEAN,manual_audit,28,1,1
Electronics,local_2b1d6645db6880a7cf74,camera_lens,CLEAN,manual_audit,5641,12,12
Electronics,local_cebbe0b6a7d6b82390b1,camera_lens_cleaning_brush,CLEAN,manual_audit,9,1,1
Electronics,local_9b0c77c421adfd767270,camera_lens_extension_pole,CLEAN,manual_audit,18,1,1
Electronics,local_da7a692ece4c9bab15f7,camera_lens_repair_tool,CLEAN,manual_audit,11,1,1
Electronics,local_00fffd2599334594b88e,camera_loupe,CLEAN,manual_audit,9,1,1
Electronics,local_7c64acccad1672cf1b89,camera_monopod,CLEAN,manual_audit,877,1,1
Electronics,local_f8273adfc29fcb1b604f,camera_mount,CLEAN,manual_audit,2599,1,1
Electronics,local_6ba08d327ff67238bd4f,camera_rain_cover,CLEAN,manual_audit,50,1,1
Electronics,local_383467d5bc89391790bc,camera_remote_control,CLEAN,manual_audit,575,2,2
Electronics,local_d90a7e7c7bfd7dd1b320,camera_screen_protector,CLEAN,manual_audit,83,1,1
Electronics,local_798f879f521f3469a159,camera_screen_replacement,CLEAN,manual_audit,39,1,1
Electronics,local_f62d6c1a4dacffcd04e1,camera_shoulder_support,CLEAN,manual_audit,95,1,1
Electronics,local_98644c2cf718654506af,camera_slider,CLEAN,manual_audit,246,1,1
Electronics,local_cc010cef79c3aa31eb29,camera_stabilizer,CLEAN,manual_audit,2198,2,2
Electronics,local_d2f0a598ad1433715f37,camera_strap,CLEAN,manual_audit,1350,2,2
Electronics,local_63050e33782528ea9ed0,camera_uv_filter,CLEAN,manual_audit,693,1,1
Electronics,local_cb77fae4feeb504cac1e,camera_viewfinder,CLEAN,manual_audit,591,1,1
Electronics,local_a51e47c2807ac9952a12,capacitor,CLEAN,manual_audit,562,1,1
Electronics,local_5ad33f2296fbeb39e6ea,car_alarm,CLEAN,manual_audit,27,1,1
Electronics,local_f1e23ee4969a2faa6ac6,car_antenna,CLEAN,manual_audit,1555,1,1
Electronics,local_3bed0010dfa5a78947e4,car_audio_amplifier,CLEAN,manual_audit,1601,6,6
Electronics,local_d3d7d3f9a3bc476e2bdb,car_audio_cable,CLEAN,manual_audit,9,1,1
Electronics,local_fe0eb2d546e3ccf5e7d4,car_audio_equalizer,CLEAN,manual_audit,177,1,1
Electronics,local_25f2089d824f011b1d21,car_audio_interconnect_cable,CLEAN,manual_audit,58,1,1
Electronics,local_153762fc55ef2241e93c,car_audio_receiver,CLEAN,manual_audit,117,4,4
Electronics,local_6c6619d22fd1aad8e2c4,car_audio_remote,CLEAN,manual_audit,93,1,1
Electronics,local_02babb54b45cca763a6c,car_aux_adapter,CLEAN,manual_audit,148,1,1
Electronics,local_c7334815083e3b2b8e13,car_camera,CLEAN,manual_audit,19,1,1
Electronics,local_49cab4a5d2d0f1f5018e,car_camera_system,CLEAN,manual_audit,71,1,1
Electronics,local_5df70f23b27b79aac737,car_cd_changer,CLEAN,manual_audit,18,1,1
Electronics,local_48825a18f8c5a9b333ec,car_charger,CLEAN,manual_audit,134,3,3
Electronics,local_a720b7749f73dc40b487,car_dash_mounting_kit,CLEAN,manual_audit,548,1,1
Electronics,local_7bdca8c6ee99c0e61456,car_dvd_receiver,CLEAN,manual_audit,267,1,1
Electronics,local_716a0bb0ff83c9fe6842,car_fan,CLEAN,manual_audit,296,1,1
Electronics,local_aa9870f92f93ff92a418,car_headphones,CLEAN,manual_audit,52,1,1
Electronics,local_f7811616c46631f7b20d,car_headrest_mount,CLEAN,manual_audit,47,1,1
Electronics,local_46e9b0a4913cecfc1fef,car_heater,CLEAN,manual_audit,486,2,2
Electronics,local_2e471c6770a21ba0e174,car_hud,CLEAN,manual_audit,355,2,2
Electronics,local_8a186c43214d4212a3da,car_key,CLEAN,manual_audit,26,1,1
Electronics,local_03b621bf750956f87c1f,car_key_fob,CLEAN,manual_audit,85,1,1
Electronics,local_86be39e7b9ceb082bb52,car_light,CLEAN,manual_audit,61,2,2
Electronics,local_9aed0e152678d5874363,car_monitor,CLEAN,manual_audit,193,3,3
Electronics,local_60f5520c90bc1ab99a93,car_mount,CLEAN,manual_audit,76,3,3
Electronics,local_63101395b2bd6d94ab73,car_power_adapter,CLEAN,manual_audit,102,1,1
Electronics,local_e6cfaed92aa38b65a1c6,car_radio_wiring_harness,CLEAN,manual_audit,324,1,1
Electronics,local_26f1ff6c059850edd168,car_speaker,CLEAN,manual_audit,2096,3,3
Electronics,local_252d538d8abd98f9e3be,car_speaker_adapter,CLEAN,manual_audit,31,2,2
Electronics,local_aec6881f2d057bd3ed4e,car_stereo,CLEAN,manual_audit,2687,2,2
Electronics,local_4fb6285f98644d386e8e,car_stereo_installation_kit,CLEAN,manual_audit,19,1,1
Electronics,local_188709808629bb25f9b3,car_subwoofer,CLEAN,manual_audit,1659,1,1
Electronics,local_9993dc0f7711c295ecb0,car_tv_tuner,CLEAN,manual_audit,15,1,1
Electronics,local_23c67fb353bbd4fb48a3,car_tweeter,CLEAN,manual_audit,151,1,1
Electronics,local_10ebeb5781e105569a31,car_video_monitor,CLEAN,manual_audit,23,1,1
Electronics,local_8501dabe36f388c3aa2b,cassette_adapter,CLEAN,manual_audit,282,1,1
Electronics,local_f5f592644531d6157edd,cassette_deck,CLEAN,manual_audit,63,1,1
Electronics,local_ecbf6fab1a01f2ac1a1f,cassette_player,CLEAN,manual_audit,484,1,1
Electronics,local_5e2385242f3c0824dd07,cassette_tape,CLEAN,manual_audit,9,1,1
Electronics,local_15ce216c8c2ca6d3525f,cb_radio,CLEAN,manual_audit,297,4,4
Electronics,local_0e7ae808b84049c64cb7,cd_dvd_rack,CLEAN,manual_audit,158,2,2
Electronics,local_3b0f265b3ddbefe21c36,cd_player,CLEAN,manual_audit,1386,4,4
Electronics,local_d6b8134dc76c2ab9211e,cd_r,CLEAN,manual_audit,603,1,1
Electronics,local_df164154b2876ed55556,cd_recorder,CLEAN,manual_audit,37,1,1
Electronics,local_e0689d71b0d00f3f140c,cd_rw_disc,CLEAN,manual_audit,21,1,1
Electronics,local_adbf7942fa46c27f8d07,ceiling_and_in_wall_speaker,CLEAN,manual_audit,322,1,1
Electronics,local_9f59f0831b2588747f31,cellular_camera,CLEAN,manual_audit,11,1,1
Electronics,local_d60bf0f180b8c178b99d,center_channel_speaker,CLEAN,manual_audit,315,1,1
Electronics,local_02d4202bdea1f3babe33,clock_radio,CLEAN,manual_audit,1483,1,1
Electronics,local_20d87b9d556d04558e2c,coaxial_adapter,CLEAN,manual_audit,270,1,1
Electronics,local_1ee159b824a2e0f0b460,coaxial_cable,CLEAN,manual_audit,2358,4,4
Electronics,local_76c50c324b97f8951dab,color_calibration_chart,CLEAN,manual_audit,25,1,1
Electronics,local_c6b481d286643f77f12b,compact_flash_card,CLEAN,manual_audit,397,1,1
Electronics,local_4ecfc3ebd8c588749d1f,compact_radio,CLEAN,manual_audit,13,1,1
Electronics,local_436dd0fd1837f1a7905e,component_speaker,CLEAN,manual_audit,159,1,1
Electronics,local_95919126c707fb929cfe,component_video_cable,CLEAN,manual_audit,108,1,1
Electronics,local_fa5c25ee77221e86cb8d,composite_video_cable,CLEAN,manual_audit,39,1,1
Electronics,local_c0c68d9959c0bcab186c,compound_binocular_microscope,CLEAN,manual_audit,80,1,1
Electronics,local_aadde93367dfe2c93cbd,compound_microscope,CLEAN,manual_audit,157,2,2
Electronics,local_d112229a4ab314a7f711,compound_trinocular_microscope,CLEAN,manual_audit,127,1,1
Electronics,local_18c950e3e4e339b00fa2,compressed_air_duster,CLEAN,manual_audit,863,2,2
Electronics,local_4e677166319eb88d3a59,computer_adapter,CLEAN,manual_audit,1237,2,2
Electronics,local_4cbac05e5c9b24a869d1,computer_fan,CLEAN,manual_audit,3654,2,2
Electronics,local_308eaea0ba837cfd2577,computer_headset,CLEAN,manual_audit,1509,2,2
Electronics,local_c06aaab220238bbd7b0f,computer_memory,CLEAN,manual_audit,12441,1,1
Electronics,local_496dac2255ab6cde24a7,computer_microphone,CLEAN,manual_audit,883,1,1
Electronics,local_255d511cffabcc0b87ca,computer_mouse,CLEAN,manual_audit,4770,2,2
Electronics,local_c26eea8cb988828e88bb,computer_power_supply,CLEAN,manual_audit,4350,1,1
Electronics,local_035a43da8399ef0e661f,computer_screw,CLEAN,manual_audit,208,1,1
Electronics,local_296edeff42f539b4c9a6,computer_speaker,CLEAN,manual_audit,1419,1,1
Electronics,local_3faff75cc2d5bcee84f3,computer_vacuum,CLEAN,manual_audit,315,1,1
Electronics,local_e1ec09563b6ae8f549dd,continuous_lighting,CLEAN,manual_audit,944,1,1
Electronics,local_04ea3fd5845ccf21dbac,copy_stand,CLEAN,manual_audit,19,1,1
Electronics,local_d236ad9201f607b6f20c,cord_reel,CLEAN,manual_audit,188,1,1
Electronics,local_99828e24de08c1344e68,cordless_phone,CLEAN,manual_audit,9,1,1
Electronics,local_4ca8e8088bf8ce98cd4c,cordless_phone_battery,CLEAN,manual_audit,3186,1,1
Electronics,local_8db3a57fb08dba658c00,cpu_processor,CLEAN,manual_audit,2091,1,1
Electronics,local_ad7d36d7b53d40a97d66,cycling_gps,CLEAN,manual_audit,158,1,1
Electronics,local_03907faea8537bbe9c4f,dac,CLEAN,manual_audit,128,4,4
Electronics,local_e7446c2485613e757fb3,darkroom_chemical,CLEAN,manual_audit,59,1,1
Electronics,local_98470ea63b624ae7c609,dash_cam,CLEAN,manual_audit,4025,4,4
Electronics,local_cdba17c2ca37feeed073,data_cable,CLEAN,manual_audit,9,1,1
Electronics,local_40c0165baa10fbfc3cb2,data_cartridge,CLEAN,manual_audit,168,2,2
Electronics,local_ecfa771b1fd7add892f9,data_tape_cleaning_cartridge,CLEAN,manual_audit,38,1,1
Electronics,local_8aad6ef11cea9067abd2,dc_power_supply,CLEAN,manual_audit,74,1,1
Electronics,local_f0f0719bfb4270d707ab,desktop_barebone,CLEAN,manual_audit,185,1,1
Electronics,local_0ecaa5d4ad67f0dc3ebf,desktop_computer,CLEAN,manual_audit,7821,19,19
Electronics,local_cc7bd2ed3d6fbc57bb32,device_server,CLEAN,manual_audit,42,1,1
Electronics,local_26c1b3f9991e7e80efb4,digital_camera,CLEAN,manual_audit,7833,12,12
Electronics,local_5ced123156dc59c22ddc,digital_microscope,CLEAN,manual_audit,919,1,1
Electronics,local_1cd03da74675dad3dd8a,digital_pen,CLEAN,manual_audit,160,1,1
Electronics,local_0dc6f7f7ff93ba56cace,digital_voice_recorder,CLEAN,manual_audit,1753,1,1
Electronics,local_3c0bb3e25888bdb97aa6,digital_watch,CLEAN,manual_audit,230,1,1
Electronics,local_96e0980cd3b6111ce985,disc_duplicator,CLEAN,manual_audit,183,1,1
Electronics,local_d4ca7e2d454095607421,disc_repair_kit,CLEAN,manual_audit,22,1,1
Electronics,local_15c1bb1d576ae795ff23,displayport_cable,CLEAN,manual_audit,203,1,1
Electronics,local_55e3084c18ae8c99874d,drone_camera_mount,CLEAN,manual_audit,9,1,1
Electronics,local_baffde7b8da14bb8dab7,drone_gimbal_stabilizer,CLEAN,manual_audit,11,1,1
Electronics,local_23093a6a396481d97665,drone_phone_mount,CLEAN,manual_audit,25,1,1
Electronics,local_5b9f422bff1719b5b448,drone_tablet_mount,CLEAN,manual_audit,63,1,1
Electronics,local_478319d79c021731c335,dsl_filter,CLEAN,manual_audit,31,1,1
Electronics,local_3be6c90e7642dfef9cf4,dslr_camera,CLEAN,manual_audit,1585,1,1
Electronics,local_015b6b780a07f1a3ed90,dtv_converter_box,CLEAN,manual_audit,153,1,1
Electronics,local_0dc26ca667a49f1627b7,dummy_security_camera,CLEAN,manual_audit,98,1,1
Electronics,local_8ff62ea033dc1fc222fe,dvd_media,CLEAN,manual_audit,36,1,1
Electronics,local_0a793cdfafb0cb46af1b,dvd_player,CLEAN,manual_audit,1374,2,2
Electronics,local_58ab3b89574ffa49864b,dvd_plus_r_disc,CLEAN,manual_audit,348,1,1
Electronics,local_d6914605d02d0513db59,dvd_r_blank_media,CLEAN,manual_audit,387,1,1
Electronics,local_2039fb94ecbbcd0f5e03,dvd_ram_disc,CLEAN,manual_audit,11,1,1
Electronics,local_43d9c499466dd3870c26,dvd_recorder,CLEAN,manual_audit,273,2,2
Electronics,local_1dc50b69c83e61288f5d,dvd_rw_disc,CLEAN,manual_audit,32,2,2
Electronics,local_336b2bf50a7b6ad61f94,dvd_vcr_combo,CLEAN,manual_audit,219,1,1
Electronics,local_051191569d4e697f47fb,dvi_cable,CLEAN,manual_audit,327,2,2
Electronics,local_d698f1cf0359e30be0ba,dvr_recorder,CLEAN,manual_audit,499,1,1
Electronics,local_b7e6052dc945325e4a97,e_reader_sleeve,CLEAN,manual_audit,72,1,1
Electronics,local_f698f3e2d1c5945e54a3,earbuds_case,CLEAN,manual_audit,6947,1,1
Electronics,local_db0e3a29d4c27526e3db,ebook_reader_case,CLEAN,manual_audit,2163,1,1
Electronics,local_6b3e60a8196eece1b85f,ebook_reader_skin,CLEAN,manual_audit,369,1,1
Electronics,local_65ecb426ce51640346a3,electrical_connector,CLEAN,manual_audit,227,1,1
Electronics,local_f280a7f3b807cc8f541b,electronics_organizer_bag,CLEAN,manual_audit,446,1,1
Electronics,local_90b923f6163f8451d83d,electronics_repair_kit,CLEAN,manual_audit,228,1,1
Electronics,local_258a17d001baaf6680ef,enclosed_subwoofer_system,CLEAN,manual_audit,279,1,1
Electronics,local_9030dd0c557cb419efb3,equalizer,CLEAN,manual_audit,33,1,1
Electronics,local_145861c90674e014fbb6,ethernet_cable,CLEAN,manual_audit,6657,6,6
Electronics,local_fceee06cc69a07bec1b9,expansion_board,CLEAN,manual_audit,15,1,1
Electronics,local_25c700e9627e430987ad,extension_tube,CLEAN,manual_audit,332,1,1
Electronics,local_05fbb6ff7d3a4add69db,external_hard_drive,CLEAN,manual_audit,3779,5,5
Electronics,local_218b3d111750c258ff8d,external_sound_card,CLEAN,manual_audit,302,1,1
Electronics,local_0c757c4d4418e38f27c8,external_ssd,CLEAN,manual_audit,572,1,1
Electronics,local_5f68796c3a8092e4e562,fan_grill,CLEAN,manual_audit,203,1,1
Electronics,local_df81d379d622daeeef09,fiber_optic_cable,CLEAN,manual_audit,1006,1,1
Electronics,local_0087ff50bc03c38bc87e,film_camera,CLEAN,manual_audit,530,6,6
Electronics,local_4bd3976b023da1d3f0cd,firewire_adapter,CLEAN,manual_audit,18,1,1
Electronics,local_c01653630e7ac9c76850,firewire_cable,CLEAN,manual_audit,160,1,1
Electronics,local_b1a8692acd98baaaa55f,firewire_card,CLEAN,manual_audit,49,1,1
Electronics,local_4e8c360e4a54fb381944,fish_finder,CLEAN,manual_audit,761,1,1
Electronics,local_173e752b571f9af0693b,fitness_tracker,CLEAN,manual_audit,54,2,2
Electronics,local_faca2e22804610a50e79,flash_battery,CLEAN,manual_audit,46,1,1
Electronics,local_dc2a3c214895dc8e0fb5,flash_diffuser,CLEAN,manual_audit,453,1,1
Electronics,local_4f0de577b9dfb6a92092,flash_sync_cord,CLEAN,manual_audit,159,1,1
Electronics,local_6ef4a834f090069c3326,flash_tube,CLEAN,manual_audit,50,1,1
Electronics,local_b7c6e995fd5545863f7c,flashlight,CLEAN,manual_audit,14,1,1
Electronics,local_d417985550e9814842b7,flat_ribbon_cable,CLEAN,manual_audit,47,1,1
Electronics,local_155827961da44e4e14e4,flex_cable,CLEAN,manual_audit,376,1,1
Electronics,local_68a33579b260c83c722b,flight_controller,CLEAN,manual_audit,14,1,1
Electronics,local_0805ea6919936c5231ce,floor_cord_cover,CLEAN,manual_audit,646,1,1
Electronics,local_7ee83b104b9619f0c127,floorstanding_speaker,CLEAN,manual_audit,442,1,1
Electronics,local_41630f8b66e49f16e8cc,floppy_disk,CLEAN,manual_audit,42,1,1
Electronics,local_cb7510c8f7accb2f07c4,floppy_disk_drive,CLEAN,manual_audit,254,1,1
Electronics,local_edb8932e1e4f31eb9072,fm_transmitter,CLEAN,manual_audit,898,2,2
Electronics,local_b15f5f8d86a561091cc0,follow_focus,CLEAN,manual_audit,162,1,1
Electronics,local_0c7016d5386c7abc7de3,fpv_goggles,CLEAN,manual_audit,20,1,1
Electronics,local_b91cf2bbcf593019244c,fuse_holder,CLEAN,manual_audit,99,1,1
Electronics,local_b31e80d7eec5fc58e78d,gamepad_controller,CLEAN,manual_audit,14,1,1
Electronics,local_0e72fe45011a9c435558,gaming_headset,CLEAN,manual_audit,29,4,4
Electronics,local_4812ade37e835e18702c,gaming_keyboard,CLEAN,manual_audit,17,3,3
Electronics,local_25c2781997bdc9d206d1,gaming_monitor,CLEAN,manual_audit,59,2,2
Electronics,local_096bc72b78c35e5bc651,gaming_mouse,CLEAN,manual_audit,33,5,5
Electronics,local_a7eb2a48767eb4289689,golf_gps,CLEAN,manual_audit,289,1,1
Electronics,local_525f7b18da8e4b8f6212,gps_antenna,CLEAN,manual_audit,152,1,1
Electronics,local_978d5faf8a98ccb9ea1b,gps_battery,CLEAN,manual_audit,64,1,1
Electronics,local_6fa00c81ee6628395b16,gps_case,CLEAN,manual_audit,170,1,1
Electronics,local_f43f0696ae8c7bed9177,gps_charger_cable,CLEAN,manual_audit,13,1,1
Electronics,local_0bc05c33058c334b73c8,gps_mount,CLEAN,manual_audit,283,3,3
Electronics,local_0149495d147b7ce4c4ad,gps_screen_protector,CLEAN,manual_audit,1705,1,1
Electronics,local_8b2dcfe96c9d07b1aaf3,gps_tracker,CLEAN,manual_audit,525,5,5
Electronics,local_22025730d7ce8ea848a1,gps_watch,CLEAN,manual_audit,280,4,4
Electronics,local_65370529306b4e773ec4,graphics_card,CLEAN,manual_audit,5073,1,1
Electronics,local_e8a1cfc41e1090f8cd96,graphics_card_fan,CLEAN,manual_audit,300,1,1
Electronics,local_1b2135263b496e5d73c6,grey_card,CLEAN,manual_audit,65,1,1
Electronics,local_2b277cbd2171da24d90c,handheld_gps,CLEAN,manual_audit,618,1,1
Electronics,local_47e73323114d7e9d722b,hard_drive_caddy,CLEAN,manual_audit,10,1,1
Electronics,local_8c89083c6be33b74f44f,hard_drive_case,CLEAN,manual_audit,372,1,1
Electronics,local_bfbd8538185f27ec669f,hard_drive_docking_station,CLEAN,manual_audit,58,1,1
Electronics,local_65c3fba14ee973f42054,hard_drive_enclosure,CLEAN,manual_audit,1807,4,4
Electronics,local_bad073872f9567b8abfe,hardware_wallet,CLEAN,manual_audit,10,1,1
Electronics,local_83067bea7781777f92a9,hdd_mounting_bracket,CLEAN,manual_audit,12,1,1
Electronics,local_64b67d50452622e89109,hdmi_adapter,CLEAN,manual_audit,867,2,2
Electronics,local_49b53bccfb3106cc5e7a,hdmi_cable,CLEAN,manual_audit,6079,4,4
Electronics,local_cc74bb327e968cd16e34,hdmi_dvi_adapter,CLEAN,manual_audit,75,1,1
Electronics,local_50e4cdb23cd7edae5186,hdmi_splitter,CLEAN,manual_audit,28,3,3
Electronics,local_29f1257cec4ca8f41c12,hdmi_to_vga_adapter,CLEAN,manual_audit,510,1,1
Electronics,local_568f282eada648469303,headphone_adapter,CLEAN,manual_audit,5090,1,1
Electronics,local_84343c1f0f60ad616095,headphone_amplifier,CLEAN,manual_audit,687,2,2
Electronics,local_be375c1cfc3dae0e9d9e,headphone_cable,CLEAN,manual_audit,1867,1,1
Electronics,local_ba37ce9cbc6f1e2939de,headphone_earpad,CLEAN,manual_audit,3427,1,1
Electronics,local_425e24891201ded4f5c8,headrest_dvd_player,CLEAN,manual_audit,282,1,1
Electronics,local_befa964e8dd3dc6e9296,headset_adapter,CLEAN,manual_audit,143,1,1
Electronics,local_b415c61ce7deeef0de5c,heat_shrink_tubing,CLEAN,manual_audit,84,1,1
Electronics,local_930d8007e056fbe859a0,heatsink,CLEAN,manual_audit,1645,1,1
Electronics,local_7391aa6948b8f6c7c4b7,hi8_video_tape,CLEAN,manual_audit,9,1,1
Electronics,local_6ac34fff2ad064f1c912,hidden_camera,CLEAN,manual_audit,1715,1,1
Electronics,local_9b93e73f124dcf588feb,home_theater_receiver,CLEAN,manual_audit,14,2,2
Electronics,local_a76d0b70a1b07eda90da,home_theater_system,CLEAN,manual_audit,1047,2,2
Electronics,local_fc1e017b9e37d45cc4a1,hot_shoe_mount,CLEAN,manual_audit,551,1,1
Electronics,local_f00b20770a1b867b23d8,infrared_filter,CLEAN,manual_audit,129,1,1
Electronics,local_a059c27f20d3f51ddb9d,instant_camera,CLEAN,manual_audit,1390,1,1
Electronics,local_91256ec4d49a247a5ec9,instant_film,CLEAN,manual_audit,53,1,1
Electronics,local_4aa92017b0082fb044c1,intercom_system,CLEAN,manual_audit,457,1,1
Electronics,local_ef1c7757e12ff1923f3a,internal_blu_ray_drive,CLEAN,manual_audit,93,1,1
Electronics,local_75b9597f91e9e95be567,internal_card_reader,CLEAN,manual_audit,31,1,1
Electronics,local_0dadfc76a15b199dc796,internal_hard_drive,CLEAN,manual_audit,513,1,1
Electronics,local_c7265812a402489caa4e,internal_optical_drive,CLEAN,manual_audit,128,1,1
Electronics,local_7db69a7fece86b6a5158,internet_radio,CLEAN,manual_audit,135,1,1
Electronics,local_e31c2a53a22548ee6105,ir_illuminator,CLEAN,manual_audit,93,1,1
Electronics,local_4c32f8c053180a54e6ce,isolation_transformer,CLEAN,manual_audit,204,1,1
Electronics,local_8508def8f7b8506f5517,keyboard,CLEAN,manual_audit,9060,3,3
Electronics,local_670569c568ed7c1b7114,keyboard_mouse_combo,CLEAN,manual_audit,1048,1,1
Electronics,local_3bc9d5db97e5b07f5d35,keyboard_skin,CLEAN,manual_audit,5877,2,2
Electronics,local_46b90827e9105802acb1,kvm_switch,CLEAN,manual_audit,1286,1,1
Electronics,local_2c8a01dda203bbae3ae3,label_tape,CLEAN,manual_audit,2405,1,1
Electronics,local_0121210ccde24bf49f42,laptop,CLEAN,manual_audit,28540,14,14
Electronics,local_7bbdfd159a20afe2955b,laptop_backpack,CLEAN,manual_audit,5929,2,2
Electronics,local_a8ebba000ab8847941d3,laptop_bag,CLEAN,manual_audit,5195,2,2
Electronics,local_953609eb374e12193163,laptop_battery,CLEAN,manual_audit,8122,2,2
Electronics,local_559696015a1f0b52e41f,laptop_briefcase,CLEAN,manual_audit,1815,2,2
Electronics,local_631c0c301a3873f77821,laptop_case,CLEAN,manual_audit,1323,4,4
Electronics,local_130a3e4f18d944937652,laptop_charger,CLEAN,manual_audit,12358,3,3
Electronics,local_be2513f715262fc16fdb,laptop_docking_station,CLEAN,manual_audit,1339,1,1
Electronics,local_3528daba917ce0bb4438,laptop_mount,CLEAN,manual_audit,83,2,2
Electronics,local_9625fafe6abf1c6c8403,laptop_network_adapter,CLEAN,manual_audit,134,1,1
Electronics,local_8120d7207fcee911f009,laptop_screen,CLEAN,manual_audit,2255,1,1
Electronics,local_a4706362947b21e38a55,laptop_screen_privacy_filter,CLEAN,manual_audit,454,1,1
Electronics,local_283b42b27562c3add021,laptop_screen_protector,CLEAN,manual_audit,301,2,2
Electronics,local_de54d31f28ead7fc42b4,laptop_security_lock,CLEAN,manual_audit,182,1,1
Electronics,local_8508b500b8f0f8a901d9,laptop_skin,CLEAN,manual_audit,2418,3,3
Electronics,local_41a451712f9dcc72db45,laptop_sleeve,CLEAN,manual_audit,7521,2,2
Electronics,local_496af1ba58c4e0655d4c,laptop_stand,CLEAN,manual_audit,5252,1,1
Electronics,local_88d233bedfeca7f6e50c,lcd_writing_tablet,CLEAN,manual_audit,585,1,1
Electronics,local_2d73fbd07c0b3cca3f51,led_light_strip,CLEAN,manual_audit,12,1,1
Electronics,local_ae250372bbf30f0289aa,led_strip,CLEAN,manual_audit,12,1,1
Electronics,local_d56df8eec42f58992c95,lens_case,CLEAN,manual_audit,308,1,1
Electronics,local_5f05369c3b16ffba3d4b,lens_support,CLEAN,manual_audit,41,1,1
Electronics,local_1b548f4d80da24df8d55,light_diffuser,CLEAN,manual_audit,129,1,1
Electronics,local_5394e56764c12c01b645,light_meter,CLEAN,manual_audit,168,2,2
Electronics,local_64e20d7f37927a1f79d0,light_reflector,CLEAN,manual_audit,878,1,1
Electronics,local_e4866b78c7badc77c395,light_stand,CLEAN,manual_audit,808,1,1
Electronics,local_3129c87f80fa03f76755,lighting_filter,CLEAN,manual_audit,242,1,1
Electronics,local_e83d87ba9eab588a828f,lighting_mounting_hardware,CLEAN,manual_audit,215,1,1
Electronics,local_12e5f49df69c7d29f063,lighting_umbrella,CLEAN,manual_audit,223,1,1
Electronics,local_6c16815561655fed3271,lightning_cable,CLEAN,manual_audit,4971,1,1
Electronics,local_aee7731d157d111e47a5,lightning_hdmi_adapter,CLEAN,manual_audit,317,1,1
Electronics,local_ee8288ac286103dd5f8c,marine_amplifier,CLEAN,manual_audit,23,1,1
Electronics,local_8a90d0320c36e8a71d0e,marine_antenna,CLEAN,manual_audit,80,3,3
Electronics,local_64be8996ce3ea2017d53,marine_audio_system,CLEAN,manual_audit,151,3,3
Electronics,local_44df4d42dfc4165814ed,marine_autopilot,CLEAN,manual_audit,14,1,1
Electronics,local_336d18d5adb3cc544ac4,marine_gps_chartplotter,CLEAN,manual_audit,145,1,1
Electronics,local_ba9d6ee9236e4a03aed4,marine_radar_system,CLEAN,manual_audit,30,1,1
Electronics,local_a25bc6b8db7f89a56412,marine_radio,CLEAN,manual_audit,91,2,2
Electronics,local_41de9ab2d460591a04c9,marine_radio_cover,CLEAN,manual_audit,9,1,1
Electronics,local_04d39cfac737b047c2d6,marine_speaker,CLEAN,manual_audit,30,3,3
Electronics,local_528e4739af95920defb3,marine_stereo,CLEAN,manual_audit,55,2,2
Electronics,local_331ea6c8173c0588eea7,marine_subwoofer,CLEAN,manual_audit,13,1,1
Electronics,local_fbf891e5d769dc7a8317,matte_box,CLEAN,manual_audit,71,1,1
Electronics,local_785ae107132df907f799,media_player,CLEAN,manual_audit,10,1,1
Electronics,local_ca28376a1a9126a6f11d,media_storage_sleeves,CLEAN,manual_audit,15,1,1
Electronics,local_2b9fefcf0c625787d89b,medium_format_film_camera,CLEAN,manual_audit,23,1,1
Electronics,local_07490a591aaca21f0e07,memory_card_adapter,CLEAN,manual_audit,305,2,2
Electronics,local_e9f23f8bd86e5822b4de,memory_card_case,CLEAN,manual_audit,366,1,1
Electronics,local_8b6488db4c2a2e3aae15,memory_card_reader,CLEAN,manual_audit,3746,1,1
Electronics,local_15abaff137a4b38bebb8,mesh_wifi_system,CLEAN,manual_audit,283,1,1
Electronics,local_78281855b777a6b4df48,micro_sd_card,CLEAN,manual_audit,4936,1,1
Electronics,local_4892dc183f8bc269fe6a,microcassette_recorder,CLEAN,manual_audit,254,1,1
Electronics,local_55132477988878c83bc7,microfiber_cloth,CLEAN,manual_audit,191,1,1
Electronics,local_125239e7199de2dd18e2,microphone,CLEAN,manual_audit,41,1,1
Electronics,local_3c3ae132075222fd1ed9,microscope,CLEAN,manual_audit,378,2,2
Electronics,local_61ad0008361ad8b0ca74,microscope_adapter,CLEAN,manual_audit,16,1,1
Electronics,local_679eea082724b13d4c85,microscope_lens,CLEAN,manual_audit,119,1,1
Electronics,local_7de794db608ac59b95c6,mini_dv_tape,CLEAN,manual_audit,58,1,1
Electronics,local_ca41dc67db79238773aa,mini_sas_cable,CLEAN,manual_audit,55,1,1
Electronics,local_20e3f8fe77b94a9f253d,minidisc,CLEAN,manual_audit,35,1,1
Electronics,local_8be24f1b8e9a1a78292c,minidisc_player,CLEAN,manual_audit,28,1,1
Electronics,local_20beedc5393921662121,mining_rig,CLEAN,manual_audit,19,2,2
Electronics,local_39dffc488b5f192aa296,mirror_dash_cam,CLEAN,manual_audit,434,1,1
Electronics,local_cf7af9bf1a9f9ac63145,mirrorless_camera,CLEAN,manual_audit,1055,1,1
Electronics,local_f005006f0e748a515257,mobile_hotspot,CLEAN,manual_audit,45,1,1
Electronics,local_c448bb6a4825f969c639,modem,CLEAN,manual_audit,695,1,1
Electronics,local_7d7bc4b95cb634554fa4,modem_cable,CLEAN,manual_audit,87,1,1
Electronics,local_db3fac441b21c244ff87,modem_router_combo,CLEAN,manual_audit,75,1,1
Electronics,local_56f9e05380a66fc74cf7,monitor_arm,CLEAN,manual_audit,1101,1,1
Electronics,local_7fec59b8a3d7c230a8cf,monitor_controller,CLEAN,manual_audit,30,1,1
Electronics,local_9cb10e217d2e62bd02cd,monitor_dust_cover,CLEAN,manual_audit,245,1,1
Electronics,local_0c83140b8d6a31c940a4,monitor_mount,CLEAN,manual_audit,209,2,2
Electronics,local_45952d0c7604324c7f10,monitor_privacy_filter,CLEAN,manual_audit,637,1,1
Electronics,local_062cd2cd5a6dba370912,monitor_stand,CLEAN,manual_audit,3186,3,3
Electronics,local_808d2b9bc458dbc79c4a,monocular_telescope,CLEAN,manual_audit,2086,1,1
Electronics,local_dee02137c2050bd8158a,monopod_head,CLEAN,manual_audit,9,1,1
Electronics,local_22941c08d58eac594942,motherboard,CLEAN,manual_audit,4438,1,1
Electronics,local_5c45778211233b9b36db,motion_detector,CLEAN,manual_audit,693,1,1
Electronics,local_4ac01b22cd14a9351cfc,motorcycle_helmet_headset,CLEAN,manual_audit,189,1,1
Electronics,local_a483982e3831e04b93b7,mouse_pad,CLEAN,manual_audit,38,3,3
Electronics,local_2aba6ec4df99a6b09474,mp3_player,CLEAN,manual_audit,4464,5,5
Electronics,local_0ed4b4c1dfe91f53ef15,mp3_player_armband,CLEAN,manual_audit,165,1,1
Electronics,local_1a613799e9381ad9d238,mp3_player_case,CLEAN,manual_audit,5816,2,2
Electronics,local_10c19e113b15ce79ff21,mp3_screen_protector,CLEAN,manual_audit,333,1,1
Electronics,local_5d8012bd5da5a505b44f,nas,CLEAN,manual_audit,842,2,2
Electronics,local_3228e29988d0f383d707,nas_enclosure,CLEAN,manual_audit,53,1,1
Electronics,local_e8219cb504251d632145,netbook,CLEAN,manual_audit,16,1,1
Electronics,local_1241f57577d12cb85689,network_cable,CLEAN,manual_audit,57,3,3
Electronics,local_18a2c3c5c9da3797588c,network_cable_adapter,CLEAN,manual_audit,219,1,1
Electronics,local_bb02f79b26d401f9895d,network_camera,CLEAN,manual_audit,37,2,2
Electronics,local_2956722b64c5ed68dcd0,network_card,CLEAN,manual_audit,949,1,1
Electronics,local_34bfb2b5f0c8ccc93931,network_security_appliance,CLEAN,manual_audit,148,2,2
Electronics,local_08c1d8bc3ed39500566a,network_switch,CLEAN,manual_audit,1455,3,3
Electronics,local_65e2763cb0e64f29543c,network_transceiver,CLEAN,manual_audit,332,1,1
Electronics,local_c19c15f2a83969cf486f,networking_antenna,CLEAN,manual_audit,16,1,1
Electronics,local_a21189d99d067f8b0353,neutral_density_filter,CLEAN,manual_audit,630,1,1
Electronics,local_5e011356f3d1ed9884f9,noise_filter,CLEAN,manual_audit,203,1,1
Electronics,local_3d8ec71fc0c55104313a,numeric_keypad,CLEAN,manual_audit,413,1,1
Electronics,local_83a5ee457f18a74b4e14,nvr_security_camera_system,CLEAN,manual_audit,159,1,1
Electronics,local_612dbf1ddca9d416db91,oled_tv,CLEAN,manual_audit,87,1,1
Electronics,local_5dd5c22915b94a5ba5de,on_camera_video_light,CLEAN,manual_audit,1219,1,1
Electronics,local_2ba72af5e256d77b0549,on_ear_headphones,CLEAN,manual_audit,1378,1,1
Electronics,local_4050b27255e5e57091c6,open_ear_headphones,CLEAN,manual_audit,196,1,1
Electronics,local_e01ce1e8e4dfc7adbb01,opera_glasses,CLEAN,manual_audit,44,1,1
Electronics,local_2a601970f697b47d7497,optical_disc_cleaner,CLEAN,manual_audit,14,1,1
Electronics,local_2d67c1acd2f752318196,optical_drive,CLEAN,manual_audit,1700,6,6
Electronics,local_03231370a7562d28e16d,outdoor_speaker,CLEAN,manual_audit,130,1,1
Electronics,local_528266a918e239d8dd02,over_ear_headphones,CLEAN,manual_audit,1807,2,2
Electronics,local_3e20617f06bf9d8fd47b,parallel_cable,CLEAN,manual_audit,61,1,1
Electronics,local_debcb296536aef92f0b0,parallel_port_card,CLEAN,manual_audit,18,1,1
Electronics,local_942deb274f7dc22ddd53,patch_panel,CLEAN,manual_audit,98,1,1
Electronics,local_22d15fb74c2d7b4b94cc,pc_ram,CLEAN,manual_audit,99,1,1
Electronics,local_8d8c58718f5f75914ff1,pci_e_riser_adapter,CLEAN,manual_audit,181,1,1
Electronics,local_8830313dee06fccb162b,pdu,CLEAN,manual_audit,142,2,2
Electronics,local_54f4eab21a7bf410528a,phone_camera_lens,CLEAN,manual_audit,208,3,3
Electronics,local_32df1ffd26ca69ce32dd,phone_card,CLEAN,manual_audit,44,1,1
Electronics,local_05e48f702bf4392afd13,phone_case,CLEAN,manual_audit,352,37,37
Electronics,local_5c6cec0525b1b8e5fa38,phone_jack,CLEAN,manual_audit,29,1,1
Electronics,local_03cf1687bc8eed75db17,phone_mount,CLEAN,manual_audit,14,5,5
Electronics,local_6eeef3dcc4cf2dac0fce,photo_backdrop_stand,CLEAN,manual_audit,144,1,1
Electronics,local_c6ef11d282a2d40a6e0e,photo_enlarging_paper,CLEAN,manual_audit,52,1,1
Electronics,local_213988713263370e4b9d,photo_mat,CLEAN,manual_audit,227,1,1
Electronics,local_0aecb4e111f312f9487d,photo_shooting_table,CLEAN,manual_audit,31,1,1
Electronics,local_8ef71388dcbe6f8e855c,photo_storage_box,CLEAN,manual_audit,116,1,1
Electronics,local_4d298b7a38b52c1549c1,photo_storage_pages,CLEAN,manual_audit,31,1,1
Electronics,local_41437966807e4b08080f,photo_studio_tent,CLEAN,manual_audit,628,2,2
Electronics,local_b0ece7bea8892c615f9c,poe_injector,CLEAN,manual_audit,300,1,1
Electronics,local_3f27105fb98d36bef5a6,portable_dvd_player,CLEAN,manual_audit,1302,4,4
Electronics,local_fce178ac685c7558b4d4,portable_line_in_speaker,CLEAN,manual_audit,237,1,1
Electronics,local_f1e149d6bc894d6f4852,portable_photo_printer,CLEAN,manual_audit,117,1,1
Electronics,local_7e17cf0863da88f668eb,portable_radio,CLEAN,manual_audit,518,1,1
Electronics,local_6f9bc3f8d775a69e70b5,portable_speaker,CLEAN,manual_audit,190,3,3
Electronics,local_7abd5821cba428fcdc82,portable_tv,CLEAN,manual_audit,196,3,3
Electronics,local_9312fddd615cc2cb6a25,power_amplifier,CLEAN,manual_audit,28,1,1
Electronics,local_e0f96116da4cbc601780,power_conditioner,CLEAN,manual_audit,46,1,1
Electronics,local_079edba2b42ec698f592,power_converter,CLEAN,manual_audit,1426,1,1
Electronics,local_1a2f5c944eebdd380210,power_distribution_block,CLEAN,manual_audit,312,3,3
Electronics,local_4b90ad7fcb05bdfe431f,power_inverter,CLEAN,manual_audit,1557,1,1
Electronics,local_424c91c592b6b4447bfd,power_pack,CLEAN,manual_audit,12,1,1
Electronics,local_18d01e5938daeb99fd5a,power_strip,CLEAN,manual_audit,4400,4,4
Electronics,local_c0a5647ad7b794abb546,powerline_adapter,CLEAN,manual_audit,103,1,1
Electronics,local_6ddf95a67222d950916f,print_server,CLEAN,manual_audit,265,1,1
Electronics,local_56a76f7cc3f1ad8148a4,printer,CLEAN,manual_audit,52,4,4
Electronics,local_0820b0d677207704040f,printer_cover,CLEAN,manual_audit,96,1,1
Electronics,local_3e5a132bdcadf34fae26,professional_video_camera,CLEAN,manual_audit,80,1,1
Electronics,local_a2bb63192dfb28247236,projection_screen,CLEAN,manual_audit,1999,1,1
Electronics,local_3add5438e237f4e36d43,projector_case,CLEAN,manual_audit,27,2,2
Electronics,local_1684280e71aed6ce0d81,projector_lamp,CLEAN,manual_audit,2763,2,2
Electronics,local_8736ef92b36b9930252f,projector_mount,CLEAN,manual_audit,776,1,1
Electronics,local_f3848c3e267436dcc51e,projector_remote_control,CLEAN,manual_audit,97,1,1
Electronics,local_6f5fd7eed305f04d5453,projector_tv_lamp,CLEAN,manual_audit,3955,1,1
Electronics,local_c36bbbd091e811568fe6,qled_tv,CLEAN,manual_audit,266,1,1
Electronics,local_edb88dd3620f881e97f6,radar_detector,CLEAN,manual_audit,490,1,1
Electronics,local_57d008d19a62f419c593,radar_detector_mount,CLEAN,manual_audit,199,1,1
Electronics,local_4b2f9aff9a99e2aebcc3,radio_antenna,CLEAN,manual_audit,1738,2,2
Electronics,local_9620ab80bab9ae71234a,radio_battery,CLEAN,manual_audit,379,1,1
Electronics,local_9a81d2fca22d6caf1314,radio_headset,CLEAN,manual_audit,2569,1,1
Electronics,local_ee5f16ff74af1cfef1d1,radio_scanner,CLEAN,manual_audit,99,1,1
Electronics,local_6397e0ae463b7d26cc23,radio_tuner,CLEAN,manual_audit,27,1,1
Electronics,local_86a391296af1ddaf961b,raid_controller,CLEAN,manual_audit,197,1,1
Electronics,local_64494c5dad0c329ff4c3,rangefinder_camera,CLEAN,manual_audit,16,1,1
Electronics,local_8172c08755f3bc78f669,rca_cable,CLEAN,manual_audit,1431,1,1
Electronics,local_88436786a0b517166430,reading_light,CLEAN,manual_audit,122,1,1
Electronics,local_200526d0ccadd8714d6f,record_cleaner,CLEAN,manual_audit,216,1,1
Electronics,local_074e52f1653a204c6b7d,record_storage,CLEAN,manual_audit,162,1,1
Electronics,local_2285ec6adc15fa849e85,remote_case,CLEAN,manual_audit,25,2,2
Electronics,local_4e8f6e2d69e30f943cc4,remote_control_extender,CLEAN,manual_audit,494,1,1
Electronics,local_45c5e5f058b44e5b6d8e,rf_modulator,CLEAN,manual_audit,59,1,1
Electronics,local_d3e913f5f78da22230d1,ring_light,CLEAN,manual_audit,1492,2,2
Electronics,local_0ff680091397c2678930,s_video_cable,CLEAN,manual_audit,122,1,1
Electronics,local_f1834702071b01913bef,sata_cable,CLEAN,manual_audit,528,1,1
Electronics,local_77f1568e5f1af7d7a1a2,satellite_dish,CLEAN,manual_audit,137,2,2
Electronics,local_b5a6c8542e950b792dc3,satellite_finder,CLEAN,manual_audit,103,1,1
Electronics,local_1d36773118764b1e2b3a,satellite_mount,CLEAN,manual_audit,42,2,2
Electronics,local_0572c9cc2622d5d05575,satellite_radio,CLEAN,manual_audit,295,1,1
Electronics,local_9af9ba630341ad333bc3,satellite_receiver,CLEAN,manual_audit,207,1,1
Electronics,local_6731e37bf1b62756ca75,satellite_speaker,CLEAN,manual_audit,55,2,2
Electronics,local_398877d85024dfd2cab0,screen_cleaner,CLEAN,manual_audit,426,1,1
Electronics,local_05201aa148d2a559cb02,screen_protector,CLEAN,manual_audit,15590,21,21
Electronics,local_8b2ce408a711e34d78ed,scsi_cable,CLEAN,manual_audit,18,1,1
Electronics,local_1f630e8ec0923f01e623,sd_card,CLEAN,manual_audit,2177,3,3
Electronics,local_6bee82771bdf5d0d056c,security_alarm,CLEAN,manual_audit,764,1,1
Electronics,local_171c5804a05ae30ff0d7,security_camera_cable,CLEAN,manual_audit,492,1,1
Electronics,local_2422b0f46f9b424f61a3,security_camera_mount,CLEAN,manual_audit,1546,1,1
Electronics,local_177c3121efca04aa8464,security_dvr,CLEAN,manual_audit,15,1,1
Electronics,local_83b29c9087867ff0bf4f,security_dvr_nvr_system,CLEAN,manual_audit,238,1,1
Electronics,local_d736f4cf4a32bda31cb0,security_monitor,CLEAN,manual_audit,229,2,2
Electronics,local_1efc709b747d10e43637,serial_adapter,CLEAN,manual_audit,372,1,1
Electronics,local_dbf55916c6e051bec8ce,serial_cable,CLEAN,manual_audit,248,1,1
Electronics,local_1407f5c8b6ca5acdb4c2,serial_port_card,CLEAN,manual_audit,35,1,1
Electronics,local_634ae7c7d9047b92aaca,server,CLEAN,manual_audit,528,1,1
Electronics,local_a7c190236a29c521e38f,server_rack,CLEAN,manual_audit,484,1,1
Electronics,local_237a3c295411957bda97,shortwave_radio,CLEAN,manual_audit,470,1,1
Electronics,local_34e0d6b2c5f338a71b6e,shower_radio,CLEAN,manual_audit,107,1,1
Electronics,local_2136ac2a4a971bc6aa32,shutter_release_cord,CLEAN,manual_audit,568,1,1
Electronics,local_8220790887c878943bbe,signal_amplifier,CLEAN,manual_audit,32,1,1
Electronics,local_3afec37debd48588f5f2,signal_splitter,CLEAN,manual_audit,630,2,2
Electronics,local_fe6bcaac62f07bfb997f,signature_pad,CLEAN,manual_audit,11,1,1
Electronics,local_4a2317f346ed739ce5b8,single_board_computer,CLEAN,manual_audit,3548,1,1
Electronics,local_ea896ef681dd9b99d257,single_use_camera,CLEAN,manual_audit,137,1,1
Electronics,local_78f3c4303aa1f684de6c,siren,CLEAN,manual_audit,976,1,1
Electronics,local_51bae00e3e54428ce0ba,skin_sticker,CLEAN,manual_audit,11,1,1
Electronics,local_1a0bdae55431fb5906bb,sleep_headphones,CLEAN,manual_audit,205,1,1
Electronics,local_fa247d31ef88484044be,slide_projector,CLEAN,manual_audit,23,1,1
Electronics,local_f034fc1a855d3cabfbb4,slr_camera,CLEAN,manual_audit,184,1,1
Electronics,local_76fcab50edd9389c502f,smart_glasses,CLEAN,manual_audit,202,1,1
Electronics,local_09fc5eb3c66ce2d62a58,smart_ring,CLEAN,manual_audit,64,1,1
Electronics,local_4313442899da548874e8,smartmedia_card,CLEAN,manual_audit,29,1,1
Electronics,local_05425f47bc5895bb0dca,smartwatch,CLEAN,manual_audit,6433,5,5
Electronics,local_642257fcb412fb760a76,soft_box,CLEAN,manual_audit,1773,1,1
Electronics,local_b3f0293f5d5120904766,solid_state_drive,CLEAN,manual_audit,2350,1,1
Electronics,local_1b758f76c5f2abf7c99f,sound_bar,CLEAN,manual_audit,1874,2,2
Electronics,local_798b5e396c54e53884eb,sound_card,CLEAN,manual_audit,317,1,1
Electronics,local_5206db610c3225542b19,speaker_adapter,CLEAN,manual_audit,42,2,2
Electronics,local_ef375b5cd5c3245ca067,speaker_battery,CLEAN,manual_audit,24,1,1
Electronics,local_3e9db17ae9a19c27eeef,speaker_box,CLEAN,manual_audit,15,1,1
Electronics,local_de641b5771cbedcf0270,speaker_box_carpet,CLEAN,manual_audit,15,1,1
Electronics,local_115003ac8f166b7ad2e9,speaker_case,CLEAN,manual_audit,191,3,3
Electronics,local_d503b05104f4efababef,speaker_connector,CLEAN,manual_audit,11,1,1
Electronics,local_ea846a941216afe98562,speaker_grill,CLEAN,manual_audit,308,1,1
Electronics,local_1803e8575d109e681b44,speaker_grill_cloth,CLEAN,manual_audit,69,1,1
Electronics,local_bc986aceb6bdb88e83f1,speaker_handle,CLEAN,manual_audit,9,1,1
Electronics,local_b7848f59a1592d0eca80,speaker_harness,CLEAN,manual_audit,59,1,1
Electronics,local_3502bff8c4e0f7ac3eaf,speaker_mount,CLEAN,manual_audit,571,1,1
Electronics,local_ce6ccc16656339ffeadb,speaker_phone,CLEAN,manual_audit,93,1,1
Electronics,local_aeaf35e1f2a559f62908,speaker_port_tube,CLEAN,manual_audit,48,2,2
Electronics,local_182965ae5a5eab803745,speaker_repair_kit,CLEAN,manual_audit,481,1,1
Electronics,local_3872ccbe8420e59f7e30,speaker_spike,CLEAN,manual_audit,88,1,1
Electronics,local_b47811676d0fe8d2a6f4,speaker_stand,CLEAN,manual_audit,259,3,3
Electronics,local_677356c264759590d875,step_down_ring,CLEAN,manual_audit,82,1,1
Electronics,local_8b78446782887d0a9718,step_up_ring,CLEAN,manual_audit,221,1,1
Electronics,local_cd0588aa8aae22f9f2b6,stereo_dash_kit,CLEAN,manual_audit,927,1,1
Electronics,local_0e6368afb42050cadbd6,stereo_microscope,CLEAN,manual_audit,408,1,1
Electronics,local_51a58f1d08792eb6f46f,stereo_shelf_system,CLEAN,manual_audit,588,1,1
Electronics,local_a0840ebd53f5bf397e72,storage_controller_card,CLEAN,manual_audit,189,1,1
Electronics,local_d62763c37511fb0e4a9e,streaming_media_player,CLEAN,manual_audit,1166,1,1
Electronics,local_5c59f3bb9674f10902b9,strobe_slave,CLEAN,manual_audit,10,1,1
Electronics,local_190dd95e39704764269a,studio_lighting,CLEAN,manual_audit,235,3,3
Electronics,local_a43fa0e8cc51e18b3724,studio_sandbag,CLEAN,manual_audit,106,1,1
Electronics,local_096a12631d210508ab2a,studio_strobe_light,CLEAN,manual_audit,468,1,1
Electronics,local_3e7788c01552456c61a1,subwoofer,CLEAN,manual_audit,1190,4,4
Electronics,local_51b8bacc11e676f36730,subwoofer_cable,CLEAN,manual_audit,122,1,1
Electronics,local_2c7e99acd31200a4deaa,subwoofer_enclosure,CLEAN,manual_audit,1082,1,1
Electronics,local_6141d37c428bc2aab716,sunglasses,CLEAN,manual_audit,33,1,1
Electronics,local_18972d690fcf1ac1c0e7,surge_protector,CLEAN,manual_audit,1880,3,3
Electronics,local_2e545825cb24ce8b980d,surround_sound_system,CLEAN,manual_audit,405,1,1
Electronics,local_9bd5201cb42c08377e84,switching_power_supply,CLEAN,manual_audit,177,1,1
Electronics,local_25f7c9514c977f31d492,tablet,CLEAN,manual_audit,6123,9,9
Electronics,local_6f285c78819adadaf860,tablet_bag,CLEAN,manual_audit,47,2,2
Electronics,local_0d956dd5880937ae1170,tablet_battery,CLEAN,manual_audit,414,2,2
Electronics,local_11ab36f7e7a1a06e2261,tablet_case,CLEAN,manual_audit,7702,14,14
Electronics,local_c364437a4ee53fb7ec68,tablet_charger,CLEAN,manual_audit,225,1,1
Electronics,local_fe1f05e809460472b054,tablet_glove,CLEAN,manual_audit,105,1,1
Electronics,local_1ba069305df4956179ec,tablet_keyboard,CLEAN,manual_audit,250,2,2
Electronics,local_3e7a1868ba21454b043a,tablet_keyboard_case,CLEAN,manual_audit,4310,2,2
Electronics,local_431fecc3ee77788089bc,tablet_mount,CLEAN,manual_audit,327,1,1
Electronics,local_1758adc5b203413443df,tablet_screen_protector,CLEAN,manual_audit,16,3,3
Electronics,local_f1fc7b57ccbf4d0e73d1,tablet_screen_replacement,CLEAN,manual_audit,41,1,1
Electronics,local_1639fb82cd90ff9285a8,tablet_sleeve,CLEAN,manual_audit,886,1,1
Electronics,local_4c48fecc83c2e2c74cd0,tablet_stand,CLEAN,manual_audit,3023,3,3
Electronics,local_55eb84972603a9ac471f,tabletop_tripod,CLEAN,manual_audit,27,1,1
Electronics,local_3adf83de3e7bcb71db81,tape_drive,CLEAN,manual_audit,33,1,1
Electronics,local_7e765bbf1256f9eb5c85,telephone_cord,CLEAN,manual_audit,910,1,1
Electronics,local_be37f4925159b6eacdef,telephone_headset,CLEAN,manual_audit,1255,1,1
Electronics,local_a8706ebe6475f0d7b2d1,teleprompter,CLEAN,manual_audit,162,1,1
Electronics,local_277e0c7b0b9b6916bc4a,telescope,CLEAN,manual_audit,1665,5,5
Electronics,local_ef267f504e215d62b217,telescope_camera_adapter,CLEAN,manual_audit,99,1,1
Electronics,local_3b893e9265ea76fc7b55,telescope_case,CLEAN,manual_audit,36,1,1
Electronics,local_bdbb17431dd6580b0cf0,telescope_dew_shield,CLEAN,manual_audit,73,1,1
Electronics,local_2bb20aef712d51c5c75a,telescope_diagonal,CLEAN,manual_audit,34,1,1
Electronics,local_1ac2fe797a68400fdc5a,telescope_eyepiece,CLEAN,manual_audit,598,1,1
Electronics,local_05a43ef0c9b98bac4ceb,telescope_filter,CLEAN,manual_audit,188,2,2
Electronics,local_d4ec134e756781c53632,telescope_finder_scope,CLEAN,manual_audit,119,1,1
Electronics,local_fc644be66f7db4e4bf61,thermal_pad,CLEAN,manual_audit,88,1,1
Electronics,local_3b1aa9e12d3631980490,thermal_paste,CLEAN,manual_audit,179,2,2
Electronics,local_287ab456f23376d81811,thunderbolt_cable,CLEAN,manual_audit,157,1,1
Electronics,local_1fd319918362770e081e,tmc_receiver,CLEAN,manual_audit,24,1,1
Electronics,local_dd61e4a1190fb3ebd170,touchpad,CLEAN,manual_audit,255,1,1
Electronics,local_c6b51c0aa60a752becb9,trackball,CLEAN,manual_audit,155,1,1
Electronics,local_3f812bc7423c751de1b3,tripod_case,CLEAN,manual_audit,117,1,1
Electronics,local_8ddaf0de7b83116eebd6,tripod_center_column,CLEAN,manual_audit,16,1,1
Electronics,local_f9678cec9d00d2f8555a,tripod_head,CLEAN,manual_audit,1101,1,1
Electronics,local_0a5f62ad38c8f7e1abb2,tripod_legs,CLEAN,manual_audit,41,1,1
Electronics,local_9a74ef48b7e2b4e1c165,tripod_mount_ring,CLEAN,manual_audit,191,1,1
Electronics,local_d0eb6c9ca77a3c530132,trucking_gps,CLEAN,manual_audit,14,1,1
Electronics,local_e38bc68cfce3dadf7045,turntable,CLEAN,manual_audit,2201,1,1
Electronics,local_07ae3942f60db2a866fd,tv_antenna,CLEAN,manual_audit,4572,8,8
Electronics,local_a081957425a242087c4e,tv_cable,CLEAN,manual_audit,158,1,1
Electronics,local_b569eb452d98af8bcd72,tv_cover,CLEAN,manual_audit,431,1,1
Electronics,local_a16d4793be63c2478688,tv_dvd_combo,CLEAN,manual_audit,199,1,1
Electronics,local_80548cb9eaf1f041acae,tv_remote,CLEAN,manual_audit,136,1,1
Electronics,local_58cf8017e8b5254b0a65,tv_replacement_lamp,CLEAN,manual_audit,584,1,1
Electronics,local_560c58484b048834f44a,tv_stand,CLEAN,manual_audit,309,2,2
Electronics,local_612ad3d10ce5ff7544e7,tv_tuner,CLEAN,manual_audit,101,2,2
Electronics,local_a5c5a014ea7e47b5bf88,tv_turntable,CLEAN,manual_audit,14,1,1
Electronics,local_0c2a9cf98fed422ddf58,tv_wall_mount,CLEAN,manual_audit,5001,4,4
Electronics,local_767b639ba8c0e01081bc,two_way_radio,CLEAN,manual_audit,1501,3,3
Electronics,local_3a0c75483a90f4e9392a,two_way_radio_case,CLEAN,manual_audit,355,1,1
Electronics,local_6a717236212221bc1ebe,two_way_radio_charger,CLEAN,manual_audit,77,1,1
Electronics,local_71436bf0df1e85ba9957,underwater_camcorder,CLEAN,manual_audit,67,1,1
Electronics,local_f6a24735340a2833924c,underwater_camera,CLEAN,manual_audit,319,1,1
Electronics,local_882385631114cfed6e88,underwater_camera_housing,CLEAN,manual_audit,675,1,1
Electronics,local_333f37da83b255a5dae5,underwater_light,CLEAN,manual_audit,95,2,2
Electronics,local_ae8ca60b145a8a345c1f,underwater_strobe,CLEAN,manual_audit,13,1,1
Electronics,local_b010c0469bcc0e10b73b,uninterruptible_power_supply,CLEAN,manual_audit,700,1,1
Electronics,local_17e54d8db106b4d62bdb,ups_battery,CLEAN,manual_audit,952,1,1
Electronics,local_7db831ad5582916650a6,usb_adapter,CLEAN,manual_audit,878,2,2
Electronics,local_b553568c30cb386bda88,usb_c_hdmi_adapter,CLEAN,manual_audit,149,1,1
Electronics,local_30a2307d48aa58ae409c,usb_cable,CLEAN,manual_audit,18660,7,7
Electronics,local_d625228a555f0b03938c,usb_cooler,CLEAN,manual_audit,9,1,1
Electronics,local_c395aba50b65e6d482d7,usb_fan,CLEAN,manual_audit,907,2,2
Electronics,local_6203ed284737b4245c47,usb_flash_drive,CLEAN,manual_audit,54,2,2
Electronics,local_15c26abb5f3b325ba127,usb_hub,CLEAN,manual_audit,4337,5,5
Electronics,local_a07b90073d589e7dc50e,usb_lamp,CLEAN,manual_audit,270,1,1
Electronics,local_96a39aeeeb1300af3e70,usb_pci_expansion_card,CLEAN,manual_audit,15,1,1
Electronics,local_612051cd09cbc7928505,usb_to_vga_adapter,CLEAN,manual_audit,236,1,1
Electronics,local_26adf36e63b1cb974b2a,vcr,CLEAN,manual_audit,355,2,2
Electronics,local_1bccaaa8eeafaa737cde,vga_cable,CLEAN,manual_audit,635,2,2
Electronics,local_38a57ece715873ea40cc,vhs_rewinder,CLEAN,manual_audit,71,1,1
Electronics,local_689f6925a89bcc239107,vhs_tape,CLEAN,manual_audit,105,2,2
Electronics,local_5d77643a47b5579f21b5,video_balun,CLEAN,manual_audit,66,1,1
Electronics,local_7f2634ca2485a2226a23,video_cable,CLEAN,manual_audit,18,2,2
Electronics,local_ec5011724e4d3d93cdaa,video_capture_card,CLEAN,manual_audit,1000,1,1
Electronics,local_5efce12e1e595d7a0346,video_converter,CLEAN,manual_audit,1166,3,3
Electronics,local_1e2197f1bdf59c8e4eee,video_head_cleaner,CLEAN,manual_audit,92,1,1
Electronics,local_e9fe4ae689d733ef3e84,video_microphone,CLEAN,manual_audit,996,1,1
Electronics,local_3d674d11fa133fbdd2c0,video_monitor,CLEAN,manual_audit,510,2,2
Electronics,local_8b766e2f8af1c41dda92,video_multiplexer,CLEAN,manual_audit,17,1,1
Electronics,local_4b86937fb9e1556b365a,video_recorder_deck,CLEAN,manual_audit,10,1,1
Electronics,local_eaaef7bb5946b237f802,video_surveillance_system,CLEAN,manual_audit,71,1,1
Electronics,local_3b68ce69f87cab6e2494,video_switcher,CLEAN,manual_audit,1358,1,1
Electronics,local_114b3909f10afa1b7a77,vinyl_record_cleaner,CLEAN,manual_audit,13,1,1
Electronics,local_730c10d070e874c78a24,vr_headset,CLEAN,manual_audit,172,2,2
Electronics,local_2f459e3e2f87a5b5265f,wall_charger,CLEAN,manual_audit,41,4,4
Electronics,local_8b1385d4e7c4491a3cbc,water_cooling_system,CLEAN,manual_audit,2344,1,1
Electronics,local_5eacd9786c892f862648,weather_radio,CLEAN,manual_audit,677,2,2
Electronics,local_3b7d0f9a54e87e9750b8,webcam,CLEAN,manual_audit,5542,4,4
Electronics,local_a8905c16f1b78bf39a0b,webcam_cover,CLEAN,manual_audit,667,2,2
Electronics,local_756c181ebbbf216cae2c,webcam_stand,CLEAN,manual_audit,19,1,1
Electronics,local_d2bfdad5f062179199e2,wifi_range_extender,CLEAN,manual_audit,1342,1,1
Electronics,local_f0592c8b556aa4304724,wire_terminal,CLEAN,manual_audit,163,1,1
Electronics,local_d3a8abc937b589464e54,wireless_access_point,CLEAN,manual_audit,617,1,1
Electronics,local_7fdf14f2ffc1783e3ce2,wireless_audio_adapter,CLEAN,manual_audit,209,1,1
Electronics,local_3e8461321ce3bbe0dec1,wireless_display_dongle,CLEAN,manual_audit,220,1,1
Electronics,local_411a34bf9311dbead90d,wireless_network_camera,CLEAN,manual_audit,11,1,1
Electronics,local_17709aa07b23370f46ac,wireless_speaker,CLEAN,manual_audit,58,3,3
Electronics,local_dee2b5b47321b40ed195,wireless_video_transmitter,CLEAN,manual_audit,20,1,1
Electronics,local_4d501f869ea665600ce1,writing_tablet,CLEAN,manual_audit,10,1,1
Electronics,local_f12446832074520148bb,zip_disk,CLEAN,manual_audit,21,1,1
Electronics,local_8d64fe8251ebbf46270f,zip_drive,CLEAN,manual_audit,14,1,1
